"Impedance Magnitude",TCBar-S_#1,,
Unprocessed,,Fit,
X,Y,X,Y
Hz,ohm,Hz,ohm
19.2307692307692,1.85012176785299,19.2307692307692,2.02753106305494
20.8333333333333,1.86000202967639,20.8333333333333,2.02835197605674
22.4358974358974,1.87175386929235,22.4358974358974,2.02935081143049
24.0384615384615,1.88469705877908,24.0384615384615,2.03057418929259
25.6410256410256,1.89858272811716,25.6410256410256,2.03208505679162
27.2435897435897,1.91498426318789,27.2435897435897,2.03396977910652
28.8461538461538,1.93493002851283,28.8461538461538,2.0363490335612
30.448717948718,1.958592673556,30.448717948718,2.03939496991025
32.051282051282,1.98662052074468,32.051282051282,2.04335900045588
33.6538461538462,2.02051135828753,33.6538461538462,2.04861820453528
35.2564102564103,2.06357042937759,35.2564102564103,2.05575546311753
36.8589743589744,2.1186464484843,36.8589743589744,2.06570293559233
38.4615384615385,2.18704183098605,38.4615384615385,2.08000867707761
40.0641025641026,2.26699269826379,40.0641025641026,2.10134906510772
41.6666666666667,2.3519867087562,41.6666666666667,2.13453083760519
43.2692307692308,2.43630450106179,43.2692307692308,2.18837147853536
44.8717948717949,2.52523297930686,44.8717948717949,2.27831239373611
46.474358974359,2.62212942677289,46.474358974359,2.42336334718378
48.0769230769231,2.71113385922216,48.0769230769231,2.60301868294819
49.6794871794872,2.75525590393556,49.6794871794872,2.67082544546629
51.2820512820513,2.7193228418209,51.2820512820513,2.54717446559554
52.8846153846154,2.60883468980388,52.8846153846154,2.38478328520695
54.4871794871795,2.4728698518277,54.4871794871795,2.26883637392769
56.0897435897436,2.3557636375583,56.0897435897436,2.19593820314399
57.6923076923077,2.2650888368617,57.6923076923077,2.14996069832787
59.2948717948718,2.19454926446418,59.2948717948718,2.11988601508784
60.8974358974359,2.13549935378348,60.8974358974359,2.09938561692233
62.5,2.08042025672945,62.5,2.08486898467848
64.1025641025641,2.03160320266707,64.1025641025641,2.074242139363
65.7051282051282,1.99403499453782,65.7051282051282,2.06623774925304
67.3076923076923,1.96581033296402,67.3076923076923,2.06005965488245
68.9102564102564,1.94525598483358,68.9102564102564,2.05519010632261
70.5128205128205,1.93321343953979,70.5128205128205,2.05128176582208
72.1153846153846,1.92608291030411,72.1153846153846,2.04809507077022
73.7179487179487,1.92191262537842,73.7179487179487,2.04546067380411
75.3205128205128,1.92113247291317,75.3205128205128,2.04325621241725
76.9230769230769,1.92203908048562,76.9230769230769,2.04139152898298
78.525641025641,1.92492006857943,78.525641025641,2.03979902243949
80.1282051282051,1.93040504090443,80.1282051282051,2.03842720139275
81.7307692307692,1.93722246928321,81.7307692307692,2.03723628429744
83.3333333333334,1.94366591370744,83.3333333333334,2.03619513841854
84.9358974358974,1.95034463928604,84.9358974358974,2.0352791125657
86.5384615384616,1.95793766830305,86.5384615384616,2.03446847786709
88.1410256410256,1.96679024028913,88.1410256410256,2.0337472894124
89.7435897435898,1.97735768709438,89.7435897435898,2.03310254387973
91.3461538461539,1.98896974492272,91.3461538461539,2.03252354839235
92.948717948718,2.00087361431112,92.948717948718,2.03200144217567
94.5512820512821,2.01262068264807,94.5512820512821,2.03152883014284
96.1538461538462,2.02469846274558,96.1538461538462,2.03109949943072
97.7564102564103,2.03769891045223,97.7564102564103,2.03070819808008
99.3589743589744,2.0506173316281,99.3589743589744,2.03035046074607
100.961538461538,2.06380619395703,100.961538461538,2.03002247033835
102.564102564103,2.07803040633849,102.564102564103,2.02972094735476
104.166666666667,2.09227940726305,104.166666666667,2.02944306073788
105.769230769231,2.10573916491508,105.769230769231,2.02918635559019
107.371794871795,2.1196209269348,107.371794871795,2.02894869419155
108.341845580767,2.13331326195309,108.341845580767,2.02872820758599
109.973927659341,2.14691787721026,109.973927659341,2.02852325562137
111.630595731414,2.16125218372307,111.630595731414,2.02833239379147
113.312220165049,2.17626237821504,113.312220165049,2.02815434558432
115.019176907602,2.19155396432651,115.019176907602,2.0279879793126
116.751847569772,2.20720230814083,116.751847569772,2.02783228861172
118.589743589744,2.22350147738329,118.589743589744,2.02768637595432
120.192307692308,2.24106894428366,120.192307692308,2.02754943865744
120.295885925636,2.26037561058009,120.295885925636,2.02742075695903
122.108045931707,2.28050314812718,122.108045931707,2.02729968381987
123.947504659278,2.30030211955958,123.947504659278,2.02718563617004
125.814673341461,2.32076912859478,125.814673341461,2.02707808736968
127.709969406259,2.34237567992574,127.709969406259,2.02697656069454
129.63381656989,2.36550775220532,129.63381656989,2.02688062368915
131.410256410256,2.3899212835943,131.410256410256,2.02678988325754
133.012820512821,2.41565351935368,133.012820512821,2.02670398138289
133.568891069385,2.44261761957061,133.568891069385,2.02662259138502
135.580998138456,2.47066030533561,135.580998138456,2.02654541463971
137.820512820513,2.50023050791381,137.820512820513,2.02647217769523
139.423076923077,2.52975129150606,139.423076923077,2.02640262973189
139.696601169422,2.55860721744342,139.696601169422,2.02633654031852
141.801017223847,2.588291559701,141.801017223847,2.02627369742648
143.93713460023,2.62089632571119,143.93713460023,2.02621390566793
145.833333333333,2.65475533500971,145.833333333333,2.02615698472959
147.435897435897,2.6898418878826,147.435897435897,2.02610276797748
148.306390731715,2.72646857209495,148.306390731715,2.02605110121151
150.641025641026,2.76538261934049,150.641025641026,2.02600184155166
152.24358974359,2.8063945301134,152.24358974359,2.02595485644
152.808276981171,2.84912236836698,152.808276981171,2.02591002274492
155.448717948718,2.8921637183556,155.448717948718,2.02586722595561
157.051282051282,2.93774925264066,157.051282051282,2.02582635945667
157.446819376752,2.987282483265,157.446819376752,2.02578732387354
159.81862807962,3.03842192617783,159.81862807962,2.02575002648111
161.858974358974,3.0920527075543,161.858974358974,2.02571438066853
163.461538461538,3.14821234967307,163.461538461538,2.02568030545407
165.064102564103,3.20642391731022,165.064102564103,2.02564772504489
166.666666666667,3.26748287716093,166.666666666667,2.02561656843674
167.150591485296,3.3321709501624,167.150591485296,2.0255867690498
169.871794871795,3.39976329917052,169.871794871795,2.02555826439662
171.474358974359,3.46961561512401,171.474358974359,2.02553099577916
172.22449926286,3.54309136372593,172.22449926286,2.025504908012
174.679487179487,3.62153901114811,174.679487179487,2.02547994916903
176.282051282051,3.7050852808764,176.282051282051,2.0254560703515
177.884615384615,3.79234003852769,177.884615384615,2.0254332254753
179.48717948718,3.88521323129526,179.48717948718,2.02541137107566
180.125604042256,3.98262675541712,180.125604042256,2.02539046612767
182.692307692308,4.08468674017284,182.692307692308,2.02537047188113
184.294871794872,4.19140456762057,184.294871794872,2.02535135170848
185.897435897436,4.3095735614062,185.897435897436,2.02533307096454
187.5,4.43177827479618,187.5,2.02531559685712
188.389186035997,4.55874177077602,188.389186035997,2.02529889832747
190.705128205128,4.69897588183469,190.705128205128,2.02528294593972
192.307692307692,4.84656402166061,192.307692307692,2.02526771177857
193.910256410256,5.00462218494365,193.910256410256,2.0252531693545
195.512820512821,5.17348845197155,195.512820512821,2.02523929351594
197.115384615385,5.35064740978041,197.115384615385,2.02522606036766
198.717948717949,5.54381586702934,198.717948717949,2.02521344719504
200.320512820513,5.75541996373309,200.320512820513,2.0252014323937
201.923076923077,5.97886052926375,201.923076923077,2.02518999540395
203.525641025641,6.21686410259336,203.525641025641,2.02517911664984
205.128205128205,6.46550502959142,205.128205128205,2.0251687774823
206.730769230769,6.74002578614254,206.730769230769,2.02515896012622
208.333333333333,7.06046648219322,208.333333333333,2.02514964763092
209.935897435897,7.40291269038962,209.935897435897,2.02514082382406
211.538461538462,7.77822074081253,211.538461538462,2.02513247326842
212.32641236826,8.19519376608834,212.32641236826,2.02512458122158
214.74358974359,8.64486791719296,214.74358974359,2.02511713359819
216.346153846154,9.13274422743439,216.346153846154,2.02511011693452
217.948717948718,9.63515431037153,217.948717948718,2.02510351835543
221.153846153846,10.7794946380751,221.153846153846,2.02509152670852
222.75641025641,11.4439012585972,222.75641025641,2.02508611056291
224.358974358974,12.1830616522876,224.358974358974,2.02508106629321
225.961538461538,12.9970959923042,225.961538461538,2.02507638353732
227.564102564103,13.8653612388168,227.564102564103,2.02507205236152
229.166666666667,14.7457515701044,229.166666666667,2.025068063239
230.769230769231,15.6522128836704,230.769230769231,2.02506440702983
232.371794871795,16.5513770107569,232.371794871795,2.02506107496192
233.974358974359,17.4282606165183,233.974358974359,2.02505805861314
235.576923076923,18.1911604105546,235.576923076923,2.02505534989448
237.179487179487,18.7052360592844,237.179487179487,2.02505294103415
238.782051282051,18.9322234547768,238.782051282051,2.02505082456249
240.384615384615,18.8539261937773,240.384615384615,2.02504899329786
241.98717948718,18.4892013368428,241.98717948718,2.02504744033318
245.192307692308,17.4881031712622,245.192307692308,2.02504514297279
246.794871794872,16.7286374819983,246.794871794872,2.02504438602506
248.397435897436,15.8490744874952,248.397435897436,2.02504388225111
250,14.9105390483953,250,2.02504362593963
251.602564102564,13.9904309528726,251.602564102564,2.02504361158727
253.205128205128,13.1798881326039,253.205128205128,2.02504383388951
256.410256410256,11.7397512951761,256.410256410256,2.02504496818222
258.012820512821,11.1235798969488,258.012820512821,2.02504587048189
259.615384615385,10.5381881878955,259.615384615385,2.02504699003932
261.217948717949,10.0066501380572,261.217948717949,2.02504832242247
264.423076923077,9.07290758078894,264.423076923077,2.02505160869603
266.025641025641,8.6684920937837,266.025641025641,2.02505355446181
267.628205128205,8.30565672648562,267.628205128205,2.02505569679223
269.230769230769,7.96888715172439,269.230769230769,2.02505803195918
272.435897435897,7.3718103645435,272.435897435897,2.02506326650528
274.038461538462,7.11065265541954,274.038461538462,2.02506615902854
275.641025641026,6.85976543924204,275.641025641026,2.02506923066729
277.24358974359,6.62661702276538,277.24358974359,2.02507247826592
280.448717948718,6.21592323434126,280.448717948718,2.025079489223
282.051282051282,6.03624122610567,282.051282051282,2.0250832467613
283.653846153846,5.86253311572374,283.653846153846,2.02508716861182
285.25641025641,5.6941565367119,285.25641025641,2.02509125208799
288.461538461538,5.39338923093223,288.461538461538,2.02509989358482
290.064102564103,5.26013348087932,290.064102564103,2.02510444663686
293.269230769231,5.01762820625713,293.269230769231,2.02511400548908
294.871794871795,4.90792078743238,294.871794871795,2.02511900675913
296.474358974359,4.80273839621746,296.474358974359,2.02512415301762
298.076923076923,4.7024703796,298.076923076923,2.02512944216473
301.282051282051,4.51412675414994,301.282051282051,2.02514044103252
302.884615384615,4.42556713278903,302.884615384615,2.02514614685412
306.089743589744,4.2662025289297,306.089743589744,2.02515796194458
307.692307692308,4.19271768936265,307.692307692308,2.02516406764188
310.897435897436,4.05227408444369,310.897435897436,2.02517666678908
312.5,3.98855519515722,312.5,2.0251831569621
315.705128205128,3.86872759496473,315.705128205128,2.02519651065492
317.307692307692,3.81293791431874,317.307692307692,2.02520337116353
320.512820512821,3.70722290469818,320.512820512821,2.02521745228422
322.115384615385,3.65641878476801,322.115384615385,2.0252246701251
325.320512820513,3.56272828484465,325.320512820513,2.0252394537176
326.923076923077,3.51699753670696,326.923076923077,2.02524701691518
330.128205128205,3.43307541328318,330.128205128205,2.02526247997944
331.730769230769,3.39374218378012,331.730769230769,2.0252703774889
334.935897435897,3.3202404039109,334.935897435897,2.02528649879778
336.538461538462,3.28576899525591,336.538461538462,2.0252947204187
339.74358974359,3.21883961678563,339.74358974359,2.02531148035483
341.346153846154,3.18629321985404,341.346153846154,2.02532001665407
344.551282051282,3.12457247958025,344.551282051282,2.02533739706401
346.153846153846,3.096294051831,346.153846153846,2.02534623930679
350.961538461538,3.01875106155393,350.961538461538,2.02537336345863
352.564102564103,2.9940961910426,352.564102564103,2.02538260113083
355.769230769231,2.94716300263047,355.769230769231,2.02540136598894
357.371794871795,2.92398101412971,357.371794871795,2.0254108916041
360.576923076923,2.87901128390534,360.576923076923,2.02543022541962
362.179487179487,2.85790228726294,362.179487179487,2.02544003215887
366.98717948718,2.79738830263784,366.98717948718,2.02547000329262
368.589743589744,2.77810907473206,368.589743589744,2.02548017506773
371.794871794872,2.74014369596091,371.794871794872,2.02550078684096
373.397435897436,2.72342069400938,373.397435897436,2.02551122559969
378.205128205128,2.67487217313912,378.205128205128,2.02554306622043
379.807692307692,2.65982470599221,379.807692307692,2.0255538526355
383.012820512821,2.62970197022993,383.012820512821,2.02557568147888
384.615384615385,2.61480166332761,384.615384615385,2.02558672285
389.423076923077,2.57201792020146,389.423076923077,2.02562034865925
391.025641025641,2.55809345218385,391.025641025641,2.02563172286356
394.230769230769,2.53270006653413,394.230769230769,2.02565471684891
395.833333333333,2.52001181742153,395.833333333333,2.02566633572343
400.641025641026,2.48504151989984,400.641025641026,2.02570167463575
402.24358974359,2.47443094252017,402.24358974359,2.02571361363434
407.051282051282,2.4427919588119,407.051282051282,2.0257499030696
408.653846153846,2.43266261889736,408.653846153846,2.02576215573941
413.461538461538,2.40381277512356,413.461538461538,2.02579937713142
415.064102564103,2.3953379921317,415.064102564103,2.02581193753691
419.871794871795,2.3685896875836,419.871794871795,2.0258500737954
421.474358974359,2.36112254383615,421.474358974359,2.02586293646886
426.282051282051,2.33748665090803,426.282051282051,2.0259019718393
427.884615384615,2.32904206223579,427.884615384615,2.02591513173679
432.692307692308,2.3056852833622,432.692307692308,2.0259550516757
434.294871794872,2.2989495879871,434.294871794872,2.02596850413778
439.102564102564,2.28229714063036,439.102564102564,2.02600929520142
440.705128205128,2.27577956138495,440.705128205128,2.02602303591813
445.512820512821,2.25755717539463,445.512820512821,2.02606468566304
447.115384615385,2.25256259513655,447.115384615385,2.02607871064252
451.923076923077,2.23250590448317,451.923076923077,2.02612120753639
453.525641025641,2.22598860018255,453.525641025641,2.02613551307676
458.333333333333,2.2097767622225,458.333333333333,2.02617884641858
459.935897435897,2.20627953480622,459.935897435897,2.02619342908273
464.74358974359,2.19665105799255,464.74358974359,2.02623758893091
466.346153846154,2.19218015786369,466.346153846154,2.02625244552374
472.75641025641,2.17446498699365,472.75641025641,2.02631255017953
474.358974358974,2.17004596337231,474.358974358974,2.02632774502594
479.166666666667,2.15578389889244,479.166666666667,2.02637373166943
480.769230769231,2.15132519178015,480.769230769231,2.02638919403783
487.179487179487,2.1335366001108,487.179487179487,2.02645170673378
488.782051282051,2.12948960681185,488.782051282051,2.02646749995317
493.589743589744,2.11774094928221,493.589743589744,2.0265152733788
495.192307692308,2.11379455101293,495.192307692308,2.02653132864022
501.602564102564,2.09993454515238,501.602564102564,2.026596199998
503.205128205128,2.09672455766315,503.205128205128,2.02661257976178
509.615384615385,2.08419366465085,509.615384615385,2.02667874274937
511.217948717949,2.08102885065626,511.217948717949,2.02669544387696
517.628205128205,2.06940692320206,517.628205128205,2.02676288643792
519.230769230769,2.0664294151626,519.230769230769,2.02677990603482
524.038461538462,2.05733113520778,524.038461538462,2.02683134460453
525.641025641026,2.05449813156745,525.641025641026,2.02684861704219
532.051282051282,2.04339161758405,532.051282051282,2.02691833536439
533.653846153846,2.04053942582222,533.653846153846,2.02693592160486
540.064102564103,2.03146885674114,540.064102564103,2.02700689041701
541.666666666667,2.02917946624184,541.666666666667,2.02702478813511
548.076923076923,2.02022893711083,548.076923076923,2.02709699848144
549.679487179487,2.01809252955581,549.679487179487,2.02711520552128
557.692307692308,2.00697246031998,557.692307692308,2.02720716345264
559.294871794872,2.00483251872897,559.294871794872,2.02722573904916
565.705128205128,1.99764489191357,565.705128205128,2.02730065234911
567.307692307692,1.99616542319718,567.307692307692,2.02731953304883
573.717948717949,1.98871171984211,573.717948717949,2.02739566329815
575.320512820513,1.98680508552266,575.320512820513,2.02741484739355
581.730769230769,1.9806519635572,581.730769230769,2.02749218799787
583.333333333333,1.97913634734965,583.333333333333,2.02751167389724
591.346153846154,1.97316100121828,591.346153846154,2.02761000492354
592.948717948718,1.97163172288998,592.948717948718,2.02762985103549
600.961538461538,1.96567643217649,600.961538461538,2.027729978116
602.564102564103,1.96458483160578,602.564102564103,2.02775018246791
608.974358974359,1.95975992659077,608.974358974359,2.0278315946366
610.576923076923,1.95903930634954,610.576923076923,2.02785209612429
618.589743589744,1.95201726405357,618.589743589744,2.02795549187372
620.192307692308,1.95113835200671,620.192307692308,2.0279763483666
628.205128205128,1.94633528117355,628.205128205128,2.02808151513131
629.807692307692,1.9457739133783,629.807692307692,2.02810272504843
637.820512820513,1.93965400623366,637.820512820513,2.02820965521486
639.423076923077,1.93912082614216,639.423076923077,2.0282312170896
647.435897435897,1.93342195309732,647.435897435897,2.0283399035893
649.038461538462,1.93298448782161,649.038461538462,2.02836181605899
657.051282051282,1.92641825555317,657.051282051282,2.02847225231949
658.653846153846,1.92478854581377,658.653846153846,2.02849451411611
666.666666666667,1.92148619644584,666.666666666667,2.02860669401683
668.269230769231,1.92043483730534,668.269230769231,2.02862930395864
676.282051282051,1.91618619587549,676.282051282051,2.02874322179134
677.884615384616,1.91599145521066,677.884615384616,2.02876617877538
685.897435897436,1.91248954641362,685.897435897436,2.02888182920846
687.5,1.9116788641538,687.5,2.02890513220381
697.115384615385,1.9063512826378,697.115384615385,2.02904615829188
698.717948717949,1.90625586295563,698.717948717949,2.02906986375174
706.730769230769,1.90327393603001,706.730769230769,2.02918925146352
708.333333333334,1.90242600305553,708.333333333334,2.02921330091982
717.948717948718,1.89832737588719,717.948717948718,2.02935879909974
719.551282051282,1.89809105381566,719.551282051282,2.02938324882664
729.166666666667,1.89505137524074,729.166666666667,2.02953114539247
730.769230769231,1.89400327067048,730.769230769231,2.02955599432509
740.384615384616,1.8917675747383,740.384615384616,2.02970628310693
741.98717948718,1.89119991125634,741.98717948718,2.02973153025219
751.602564102564,1.88913641325924,751.602564102564,2.02988420549081
753.205128205128,1.88896923822929,753.205128205128,2.02990984992087
762.820512820513,1.88613163383123,762.820512820513,2.03006490623028
764.423076923077,1.88575035496106,764.423076923077,2.03009094707658
774.038461538462,1.88425265272106,774.038461538462,2.03024837941046
775.641025641026,1.88392851582081,775.641025641026,2.03027481585849
785.25641025641,1.88231049589549,785.25641025641,2.03043461947998
786.858974358974,1.88272852817587,786.858974358974,2.03046145076445
798.076923076923,1.88149972527393,798.076923076923,2.03065084661961
799.679487179487,1.88136832716968,799.679487179487,2.03067812826611
809.294871794872,1.88191766402396,809.294871794872,2.030842998548
810.897435897436,1.88244762233891,810.897435897436,2.03087067353746
822.115384615385,1.88578405031327,822.115384615385,2.03106596964276
823.717948717949,1.88690939701024,823.717948717949,2.03109409338952
833.333333333334,1.88577907203896,833.333333333334,2.03126401226345
834.935897435898,1.88528548117294,834.935897435898,2.03129252803045
846.153846153846,1.87980050781414,846.153846153846,2.03149370452722
847.75641025641,1.87891785088018,847.75641025641,2.03152266762444
858.974358974359,1.87450096872321,858.974358974359,2.03172697295965
860.576923076923,1.87408931073006,860.576923076923,2.03175638268796
871.794871794872,1.87159426138283,871.794871794872,2.03196381210326
873.397435897436,1.87150332566398,873.397435897436,2.03199366780156
884.615384615385,1.87081932293958,884.615384615385,2.03220421679212
886.217948717949,1.87079121155534,886.217948717949,2.03223451783381
899.038461538462,1.87003509951317,899.038461538462,2.03247892791501
900.641025641026,1.87001833833228,900.641025641026,2.03250972925798
911.858974358974,1.86897019658461,911.858974358974,2.03272689341352
913.461538461538,1.8687208450774,913.461538461538,2.032758138869
926.282051282051,1.86695102946578,926.282051282051,2.03301009894478
927.884615384616,1.86689138418203,927.884615384616,2.03304184338541
940.705128205128,1.86573672149546,940.705128205128,2.03329779272975
942.307692307692,1.86566623158846,942.307692307692,2.0333300355082
953.525641025641,1.86520778587013,953.525641025641,2.03355728383808
955.128205128205,1.86533640711132,955.128205128205,2.03358996906427
967.948717948718,1.86499229547586,967.948717948718,2.03385344008078
969.551282051282,1.86508799492022,969.551282051282,2.03388662250121
982.371794871795,1.86554642697645,982.371794871795,2.03415406877943
983.974358974359,1.86563815007348,983.974358974359,2.03418774782537
998.397435897436,1.86728279779498,998.397435897436,2.03449334003093
1000,1.8672547098546,1000,2.03452757024291
1012.82051282051,1.86922923716288,1012.82051282051,2.03480339430119
1014.42307692308,1.86966405864967,1014.42307692308,2.0348381200084
1028.84615384615,1.87330022178853,1028.84615384615,2.03515312668635
1030.44871794872,1.87350839987223,1030.44871794872,2.03518840235062
1043.26923076923,1.87672056195619,1043.26923076923,2.0354725858015
1044.87179487179,1.87720848175022,1044.87179487179,2.03550835591088
1059.29487179487,1.88080455448333,1059.29487179487,2.03583275709698
1060.89743589744,1.88124913862587,1060.89743589744,2.03586907603448
1075.32051282051,1.8866597733669,1075.32051282051,2.03619841410648
1076.92307692308,1.88752075059391,1076.92307692308,2.03623528130471
1091.34615384615,1.8929755059933,1091.34615384615,2.03656955122937
1092.94871794872,1.89413124238329,1092.94871794872,2.03660696613688
1107.37179487179,1.89296728012,1107.37179487179,2.03694616301639
1108.97435897436,1.89272899866736,1108.97435897436,2.03698412509594
1125,1.88976761212084,1125,2.03736675288028
1126.60256410256,1.8895107017695,1126.60256410256,2.03740531624361
1141.02564102564,1.88761178775564,1141.02564102564,2.03775484430708
1142.62820512821,1.88735084049875,1142.62820512821,2.03779395375377
1158.65384615385,1.88859501925173,1158.65384615385,2.03818804932679
1160.25641025641,1.88864653677371,1160.25641025641,2.03822775888527
1176.28205128205,1.89014644124496,1176.28205128205,2.03862785258478
1177.88461538462,1.88991889998638,1177.88461538462,2.03866816165874
1193.91025641026,1.88902102280397,1193.91025641026,2.03907424757338
1195.51282051282,1.88797195629744,1195.51282051282,2.0391151555766
1211.53846153846,1.88896419430754,1211.53846153846,2.03952722788933
1213.14102564103,1.88935173165168,1213.14102564103,2.0395687342444
1230.76923076923,1.89614285318366,1230.76923076923,2.04002889135701
1232.37179487179,1.89668826407203,1232.37179487179,2.04007104980987
1248.39743589744,1.89954213949802,1248.39743589744,2.04049562068628
1250,1.89996245490804,1250,2.04053837630691
1267.62820512821,1.90437027349179,1267.62820512821,2.04101226830092
1269.23076923077,1.90530134621194,1269.23076923077,2.04105567474185
1286.85897435897,1.90458359208609,1286.85897435897,2.04153672213851
1288.46153846154,1.90417331594654,1288.46153846154,2.0415807787424
1306.08974358974,1.90103600426752,1306.08974358974,2.04206897433867
1307.69230769231,1.90063550623724,1307.69230769231,2.04211368045304
1325.32051282051,1.90108673974036,1325.32051282051,2.04260901709355
1326.92307692308,1.9010206785415,1326.92307692308,2.04265437206973
1346.15384615385,1.90027566968378,1346.15384615385,2.04320284582882
1347.75641025641,1.90023348429747,1347.75641025641,2.04324890301008
1365.38461538462,1.89930492943287,1365.38461538462,2.043759093997
1366.98717948718,1.89938894276098,1366.98717948718,2.04380579869735
1386.21794871795,1.89869655247376,1386.21794871795,2.04437046043986
1387.82051282051,1.89902918523644,1387.82051282051,2.04441786589482
1407.05128205128,1.90080852876285,1407.05128205128,2.04499093217726
1408.65384615385,1.90086638727157,1408.65384615385,2.04503903763436
1427.88461538462,1.90223180555331,1427.88461538462,2.04562049942893
1429.48717948718,1.90219424065487,1429.48717948718,2.04566930413588
1450.32051282051,1.90356123653418,1450.32051282051,2.04630865561639
1451.92307692308,1.9037948450875,1451.92307692308,2.04635821251966
1472.75641025641,1.90638543063792,1472.75641025641,2.04700733686972
1474.35897435897,1.90657977551591,1474.35897435897,2.04705764509471
1493.58974358974,1.90880800004396,1493.58974358974,2.04766552583494
1495.19230769231,1.90910384880488,1495.19230769231,2.04771653093076
1516.02564102564,1.91157317039264,1516.02564102564,2.04838447078181
1517.62820512821,1.91184126492803,1517.62820512821,2.04843622550574
1540.0641025641,1.91526822394185,1540.0641025641,2.04916640825638
1541.66666666667,1.91568082346441,1541.66666666667,2.04921896517336
1562.5,1.91800679234967,1562.5,2.04990706679205
1564.10256410256,1.91816566853126,1564.10256410256,2.04996037150374
1586.53846153846,1.9204770534431,1586.53846153846,2.05071224027745
1588.14102564103,1.92049954652675,1588.14102564103,2.05076634520807
1610.57692307692,1.92282798582217,1610.57692307692,2.05152940984678
1612.17948717949,1.9225898029401,1612.17948717949,2.05158431396663
1634.61538461538,1.92482457901396,1634.61538461538,2.05235856000918
1636.21794871795,1.92501555672977,1636.21794871795,2.05241426228201
1658.65384615385,1.92735347258341,1658.65384615385,2.05319967517271
1660.25641025641,1.92753539315623,1660.25641025641,2.05325617455532
1684.29487179487,1.93060974521678,1684.29487179487,2.0541100350802
1685.89743589744,1.9310412096282,1685.89743589744,2.05416738355511
1709.9358974359,1.93406942636788,1709.9358974359,2.05503397144269
1711.53846153846,1.93414399135796,1711.53846153846,2.0550921678053
1735.57692307692,1.93794540374667,1735.57692307692,2.05597146491428
1737.17948717949,1.93821670632082,1737.17948717949,2.05603050795029
1761.21794871795,1.9415195368735,1761.21794871795,2.05692249599158
1762.82051282051,1.9420000112506,1762.82051282051,2.05698238447669
1788.46153846154,1.94706688209365,1788.46153846154,2.05794777770846
1790.0641025641,1.94741322874039,1790.0641025641,2.05800856313025
1814.10256410256,1.95194252309563,1814.10256410256,2.05892666780278
1815.70512820513,1.95209908019535,1815.70512820513,2.05898829611577
1841.34615384615,1.95849425245327,1841.34615384615,2.05998150469423
1842.94871794872,1.95870935192088,1842.94871794872,2.06004402720207
1870.19230769231,1.9653755284316,1870.19230769231,2.06111494673481
1871.79487179487,1.96576435029228,1871.79487179487,2.06117841447649
1897.4358974359,1.97255175473041,1897.4358974359,2.062201030257
1899.03846153846,1.97281309068644,1899.03846153846,2.06226538923158
1926.28205128205,1.97832308531281,1926.28205128205,2.06336750183271
1927.88461538462,1.97849328768055,1927.88461538462,2.06343280287495
1955.12820512821,1.98281417300798,1955.12820512821,2.06455091660882
1956.73076923077,1.98295130708752,1956.73076923077,2.06461715806675
1985.57692307692,1.98592460084374,1985.57692307692,2.06581842491791
1987.17948717949,1.98619690062576,1987.17948717949,2.06588565722678
2014.42307692308,1.9886127138041,2014.42307692308,2.06703657324669
2016.02564102564,1.98858296549759,2016.02564102564,2.06710474252457
2044.8717948718,1.99325988934189,2044.8717948718,2.06834067712274
2046.47435897436,1.99338524094634,2046.47435897436,2.06840983357698
2076.92307692308,1.99963097034052,2076.92307692308,2.06973366185762
2078.52564102564,2.00023021604297,2078.52564102564,2.06980385537535
2107.3717948718,2.00774686820082,2107.3717948718,2.07107619078295
2108.97435897436,2.00823311765258,2108.97435897436,2.0711473675248
2139.42307692308,2.01498082455271,2139.42307692308,2.07250954141472
2141.02564102564,2.01527806621828,2141.02564102564,2.0725817510171
2171.47435897436,2.02015079245114,2171.47435897436,2.07396352850453
2173.07692307692,2.02073660749703,2173.07692307692,2.07403676877905
2203.52564102564,2.03105776978202,2203.52564102564,2.07543810807228
2205.1282051282,2.03151083495942,2205.1282051282,2.07551237680823
2237.17948717949,2.04358573516149,2237.17948717949,2.07700853065719
2238.78205128205,2.04381216060824,2238.78205128205,2.07708387687407
2270.83333333333,2.06056100153148,2270.83333333333,2.07860155551288
2272.4358974359,2.06132931186728,2272.4358974359,2.07867797672336
2304.48717948718,2.0895838030327,2304.48717948718,2.08021713015147
2306.08974358974,2.09156219935745,2306.08974358974,2.08029462384287
2339.74358974359,2.13912418909222,2339.74358974359,2.08193376518872
2341.34615384615,2.14181341443161,2341.34615384615,2.08201237970911
2375,2.18659067452316,2375,2.08367502896886
2376.60256410256,2.18705793678616,2376.60256410256,2.08375476150422
2410.25641025641,2.14672555526323,2410.25641025641,2.08544085928515
2411.85897435897,2.14338571324743,2411.85897435897,2.0855217069931
2447.11538461538,2.08199772218031,2447.11538461538,2.08731315331938
2448.71794871795,2.08011004772602,2448.71794871795,2.08739516381997
2483.97435897436,2.05418050541958,2483.97435897436,2.08921215678442
2485.57692307692,2.05357094623791,2485.57692307692,2.08929532690854
2520.83333333333,2.04748873638841,2520.83333333333,2.09113779644584
2522.4358974359,2.04781525085747,2522.4358974359,2.09122212299309
2559.29487179487,2.0465762304756,2559.29487179487,2.09317547809256
2560.89743589744,2.04717497434274,2560.89743589744,2.09326100789663
2597.75641025641,2.05166549038344,2597.75641025641,2.09524199711204
2599.35897435897,2.05174162046179,2599.35897435897,2.09532872661994
2637.82051282051,2.05528089927297,2637.82051282051,2.09742519346413
2639.42307692308,2.0555342299091,2639.42307692308,2.09751316884864
2676.28205128205,2.06059143216091,2676.28205128205,2.09955032191952
2677.88461538462,2.06096874883312,2677.88461538462,2.09963948964862
2717.94871794872,2.06570132416708,2717.94871794872,2.10188478696545
2719.55128205128,2.06601666109194,2719.55128205128,2.10197524227571
2758.01282051282,2.07160810906966,2758.01282051282,2.10416098579229
2759.61538461538,2.07174306806254,2759.61538461538,2.10425267507795
2799.67948717949,2.07724715734677,2799.67948717949,2.10656090482297
2801.28205128205,2.07739275860417,2801.28205128205,2.10665387315724
2841.34615384615,2.08415985645472,2841.34615384615,2.1089940240916
2842.94871794872,2.08458855059265,2842.94871794872,2.10908826706564
2884.61538461538,2.09108758049167,2884.61538461538,2.11155574164895
2886.21794871795,2.09122097575383,2886.21794871795,2.11165130357942
2927.88461538462,2.09849005796234,2927.88461538462,2.11415300822215
2929.48717948718,2.09880495418571,2929.48717948718,2.11424988427044
2972.75641025641,2.10592986886549,2972.75641025641,2.11688387791434
2974.35897435897,2.10641413027549,2974.35897435897,2.11698211159649
3017.6282051282,2.11554038028572,3017.6282051282,2.11965268999953
3019.23076923077,2.11557999410985,3019.23076923077,2.1197522760223
3062.5,2.12718574169649,3062.5,2.12245929567248
3064.10256410256,2.12769317127261,3064.10256410256,2.12256022869878
3108.97435897436,2.13097686943816,3108.97435897436,2.12540581956502
3110.57692307692,2.13121936167569,3110.57692307692,2.12550814203015
3155.44871794872,2.13588785945401,3155.44871794872,2.12839255585411
3157.05128205128,2.13654919349651,3157.05128205128,2.12849626194098
3203.52564102564,2.14392749752309,3203.52564102564,2.1315244190609
3205.1282051282,2.14447381466357,3205.1282051282,2.13162955031154
3251.60256410256,2.15259939138792,3251.60256410256,2.1346989456419
3253.20512820513,2.15249832873145,3253.20512820513,2.13480549573515
3299.67948717949,2.16042830243078,3299.67948717949,2.13791594528447
3301.28205128205,2.16062285625006,3301.28205128205,2.13802390785268
3349.35897435897,2.16901665000046,3349.35897435897,2.14128459493399
3350.96153846154,2.16933871629223,3350.96153846154,2.14139401032235
3400.64102564103,2.17846854118505,3400.64102564103,2.14480904001678
3402.24358974359,2.17858795546423,3402.24358974359,2.14491994785764
3451.92307692308,2.18831021583978,3451.92307692308,2.14838112904673
3453.52564102564,2.18857339696206,3453.52564102564,2.14849352194234
3503.20512820513,2.19969534768633,3503.20512820513,2.15200062453638
3504.80769230769,2.2000915844244,3504.80769230769,2.15211449504033
3556.08974358974,2.20887710713245,3556.08974358974,2.15578262809129
3557.69230769231,2.20913330364231,3557.69230769231,2.15589801453039
3610.57692307692,2.21642423179434,3610.57692307692,2.15973142371136
3612.17948717949,2.21742748912097,3612.17948717949,2.15984836363674
3665.0641025641,2.22596373836692,3665.0641025641,2.16373289673321
3666.66666666667,2.22584013986268,3666.66666666667,2.16385138158288
3719.55128205128,2.23577271203902,3719.55128205128,2.16778675524022
3721.15384615385,2.23553398381605,3721.15384615385,2.1679067764036
3775.64102564103,2.2462355921239,3775.64102564103,2.17201425452586
3777.24358974359,2.24592293085834,3777.24358974359,2.17213584814588
3833.33333333333,2.25666876901624,3833.33333333333,2.17641979002899
3834.9358974359,2.25697456855051,3834.9358974359,2.17654299141269
3891.02564102564,2.26780814693541,3891.02564102564,2.18088303359581
3892.62820512821,2.26783486149379,3892.62820512821,2.18100783293917
3948.71794871795,2.2783819055118,3948.71794871795,2.18540363147354
3950.32051282051,2.27897410726511,3950.32051282051,2.1855300189269
4008.01282051282,2.29001813684979,4008.01282051282,2.1901091939895
4009.61538461538,2.29059173420548,4009.61538461538,2.1902372033583
4068.91025641026,2.30166671878535,4068.91025641026,2.19500419943025
4070.51282051282,2.30214737060962,4070.51282051282,2.19513386362791
4129.80769230769,2.31489252716787,4129.80769230769,2.19996188295679
4131.41025641026,2.31446159757367,4131.41025641026,2.20009319087297
4192.30769230769,2.32621920530991,4192.30769230769,2.20511476212044
4193.91025641026,2.32652982576242,4193.91025641026,2.20524774541681
4254.80769230769,2.3350286582682,4254.80769230769,2.21033275735447
4256.41025641026,2.3354602166915,4256.41025641026,2.21046740424806
4318.91025641026,2.34894033474757,4318.91025641026,2.21575170712173
4320.51282051282,2.34956432772867,4320.51282051282,2.21588804799238
4384.61538461538,2.36340258712188,4384.61538461538,2.22137619539173
4386.21794871795,2.36431040589201,4386.21794871795,2.22151425965232
4450.32051282051,2.37958730969986,4450.32051282051,2.22707108020052
4451.92307692308,2.37943168194818,4451.92307692308,2.22721085472364
4517.6282051282,2.39532538336839,4517.6282051282,2.23297729440268
4519.23076923077,2.39595083125554,4519.23076923077,2.23311880726239
4586.53846153846,2.4118722457451,4586.53846153846,2.23909947271372
4588.14102564103,2.41228649599816,4588.14102564103,2.23924275097313
4655.44871794872,2.4273552565727,4655.44871794872,2.24529725846456
4657.05128205128,2.42772864830784,4657.05128205128,2.2454422876088
4724.35897435897,2.43504156311856,4724.35897435897,2.25157002717013
4725.96153846154,2.43658105130371,4725.96153846154,2.25171679266874
4796.47435897436,2.4322922651714,4796.47435897436,2.25821416827478
4798.07692307692,2.43119496565208,4798.07692307692,2.25836273531711
4868.58974358974,2.43758557751813,4868.58974358974,2.26493902836814
4870.19230769231,2.43829792685787,4870.19230769231,2.26508938102276
4942.30769230769,2.4533739244815,4942.30769230769,2.27189601283617
4943.91025641026,2.45402625846667,4943.91025641026,2.27204817431633
5016.02564102564,2.47061349934432,5016.02564102564,2.27893582878803
5017.6282051282,2.47152323637295,5017.6282051282,2.2790897824511
5091.34615384615,2.48679837699035,5091.34615384615,2.28621344010884
5092.94871794872,2.48739528150381,5092.94871794872,2.28636920773783
5168.26923076923,2.50444605658961,5168.26923076923,2.29373347308209
5169.8717948718,2.50471012678771,5169.8717948718,2.29389107537067
5246.79487179487,2.52049394653202,5246.79487179487,2.3015005639799
5248.39743589744,2.52101546132567,5248.39743589744,2.30166002051799
5325.32051282051,2.53630834181512,5325.32051282051,2.30935806198983
5326.92307692308,2.53658043112238,5326.92307692308,2.30951935398747
5405.44871794872,2.55194321330252,5405.44871794872,2.31746815607564
5407.05128205128,2.55229012405773,5407.05128205128,2.31763130166496
5487.17948717949,2.56736215311663,5487.17948717949,2.32583543219052
5488.78205128205,2.5677844180644,5488.78205128205,2.32600044838473
5570.51282051282,2.5817029887043,5570.51282051282,2.33446447057128
5572.11538461538,2.58226082175803,5572.11538461538,2.33463137325501
5653.84615384615,2.59434475545357,5653.84615384615,2.34319107251962
5655.44871794872,2.59417088656024,5655.44871794872,2.34335984076903
5738.78205128205,2.60479716293166,5738.78205128205,2.3521847649674
5740.38461538462,2.60395596804884,5740.38461538462,2.35235541321002
5825.32051282051,2.61650706203545,5825.32051282051,2.36145004270375
5826.92307692308,2.61612760765084,5826.92307692308,2.36162258423602
5913.46153846154,2.6269393532567,5913.46153846154,2.37099137976613
5915.0641025641,2.62734289346423,5915.0641025641,2.3711658267489
6001.60256410256,2.63771848028129,6001.60256410256,2.38063689525762
6003.20512820513,2.63677439018489,6003.20512820513,2.38081322469879
6092.94871794872,2.64963127930684,6092.94871794872,2.39074173965785
6094.55128205128,2.64913836510727,6094.55128205128,2.39091999588406
6184.29487179487,2.66103997408736,6184.29487179487,2.40095572659726
6185.89743589744,2.66130925576342,6185.89743589744,2.40113588519843
6277.24358974359,2.67172681053927,6277.24358974359,2.41145950577629
6278.84615384615,2.67189132814445,6278.84615384615,2.41164157523306
6371.79487179487,2.68416713137288,6371.79487179487,2.42225735834444
6373.39743589744,2.68427265949605,6373.39743589744,2.42244134601622
6467.94871794872,2.69733166486255,6467.94871794872,2.4333535220499
6469.55128205128,2.69762799323208,6469.55128205128,2.43353943417896
6565.70512820513,2.71214437481567,6565.70512820513,2.4447521870642
6567.30769230769,2.71199184935019,6567.30769230769,2.44494002878149
6665.0641025641,2.72464502373379,6665.0641025641,2.45645749193304
6666.66666666667,2.72476278589157,6666.66666666667,2.45664726726562
6764.42307692308,2.74243450086465,6764.42307692308,2.46828183830019
6766.02564102564,2.74170818435404,6766.02564102564,2.46847351966246
6866.98717948718,2.75865339970903,6866.98717948718,2.48061067373883
6868.58974358974,2.75850516967829,6868.58974358974,2.48080429394925
6969.55128205128,2.77376101981312,6969.55128205128,2.49306268550687
6971.15384615385,2.77409919376897,6971.15384615385,2.4932582157271
7075.32051282051,2.79134327718712,7075.32051282051,2.50603088968748
7076.92307692308,2.7915605178599,7076.92307692308,2.50622835971126
7181.08974358974,2.8083005656504,7181.08974358974,2.51912614314628
7182.69230769231,2.80771464368877,7182.69230769231,2.51932552294497
7290.0641025641,2.82600982591097,7290.0641025641,2.53274902286942
7291.66666666667,2.82619083848392,7291.66666666667,2.53295033926172
7399.03846153846,2.84401778957508,7399.03846153846,2.54650254539381
7400.64102564103,2.84433795114222,7400.64102564103,2.54670576723246
7511.21794871795,2.86369199685445,7511.21794871795,2.56079482574576
7512.82051282051,2.86364283291403,7512.82051282051,2.56099997693824
7625,2.88302383472585,7625,2.57542809636295
7626.60256410256,2.88250306184379,7626.60256410256,2.57563517159494
7738.78205128205,2.90155298701085,7738.78205128205,2.59019682773264
7740.38461538462,2.90128540917055,7740.38461538462,2.59040579433499
7855.76923076923,2.92179476847808,7855.76923076923,2.60552039342932
7857.3717948718,2.92151172222306,7857.3717948718,2.60573127108817
7974.35897435898,2.94258432430416,7974.35897435898,2.62119500977784
7975.96153846154,2.94093550164919,7975.96153846154,2.62140779040845
8094.55128205128,2.96252783951169,8094.55128205128,2.63722385202088
8096.15384615385,2.96222359697894,8096.15384615385,2.63743852666438
8216.34615384616,2.98417449182343,8216.34615384616,2.65361000438092
8217.94871794872,2.98471460866008,8217.94871794872,2.65382656323069
8339.74358974359,3.0059989736675,8339.74358974359,2.67035645868343
8341.34615384616,3.00580191358509,8341.34615384616,2.6705748911124
8464.74358974359,3.02734443843181,8464.74358974359,2.68746611317984
8466.34615384616,3.02833509433959,8466.34615384616,2.68768640776858
8592.94871794872,3.05005290229886,8592.94871794872,2.70516391613413
8594.55128205128,3.04926361051763,8594.55128205128,2.70538608388719
8722.75641025641,3.07204302759482,8722.75641025641,2.72323412819711
8724.35897435898,3.07184329998097,8724.35897435898,2.72345815528586
8854.16666666667,3.09493194999553,8854.16666666667,2.74167931958468
8855.76923076923,3.09583414784944,8855.76923076923,2.7419051914846
8987.17948717949,3.1188264787972,8987.17948717949,2.76050196150846
8988.78205128205,3.11974485203619,8988.78205128205,2.76072966303068
9123.39743589744,3.14167468376738,9123.39743589744,2.77993394143955
9125,3.14252950745958,9125,2.78016347812906
9259.61538461538,3.16540007138303,9259.61538461538,2.79952029931748
9261.21794871795,3.16580602011298,9261.21794871795,2.79975163294061
9399.03846153846,3.18865456745623,9399.03846153846,2.81972402423039
9400.64102564102,3.18958886538172,9400.64102564102,2.8199571582755
9541.66666666667,3.21514603133753,9541.66666666667,2.84055253941394
9543.26923076923,3.21438780692994,9543.26923076923,2.8407874755072
9684.29487179487,3.24023243754306,9684.29487179487,2.86153969882526
9685.89743589744,3.23922289905391,9685.89743589744,2.86177639761033
9830.1282051282,3.26572978392609,9830.1282051282,2.88315890255979
9831.73076923077,3.26537243382567,9831.73076923077,2.88339736384558
9979.16666666667,3.29196765142899,9979.16666666667,2.90541710398847
9980.76923076923,3.29201657531839,9980.76923076923,2.90565732586316
10129.8076923077,3.31874337560402,10129.8076923077,2.92807912846528
10131.4102564103,3.31938935082339,10131.4102564103,2.92832108906736
10282.0512820513,3.34408328986503,10282.0512820513,2.95114638289849
10283.6538461538,3.34456434202986,10283.6538461538,2.95139006004023
10435.8974358974,3.37178366735137,10435.8974358974,2.97462017836204
10437.5,3.37182117848539,10437.5,2.97486554956228
10594.5512820513,3.39776691220351,10594.5512820513,2.99899583406195
10596.1538461538,3.39871847856918,10596.1538461538,2.99924291061835
10753.2051282051,3.42653328962551,10753.2051282051,3.02353829149161
10754.8076923077,3.42698400105397,10754.8076923077,3.02378703218465
10915.0641025641,3.45469146824262,10915.0641025641,3.04874426723193
10916.6666666667,3.45458566230604,10916.6666666667,3.0489946642962
11080.1282051282,3.48244716104405,11080.1282051282,3.07461953311649
11081.7307692308,3.48270323988415,11081.7307692308,3.07487157743219
11246.7948717949,3.5126307546229,11246.7948717949,3.10091600541909
11248.3974358974,3.51330817637526,11248.3974358974,3.10116967118095
11416.6666666667,3.54181019559526,11416.6666666667,3.12788950182023
11418.2692307692,3.54155775660598,11418.2692307692,3.12814477817308
11588.141025641,3.57148388572711,11588.141025641,3.15528839006598
11589.7435897436,3.57094703629213,11589.7435897436,3.1555452503622
11762.8205128205,3.60124888562821,11762.8205128205,3.1833714055905
11764.4230769231,3.60207957925502,11764.4230769231,3.18362983743871
11940.7051282051,3.63269863076345,11940.7051282051,3.21214342451448
11942.3076923077,3.63313823177107,11942.3076923077,3.21240341444962
12120.1923076923,3.66275913063772,12120.1923076923,3.24134760739618
12121.7948717949,3.66275912686457,12121.7948717949,3.24160912746496
12302.8846153846,3.69321611264439,12302.8846153846,3.27124691415426
12304.4871794872,3.69386286168568,12304.4871794872,3.27150994966343
12487.1794871795,3.72382107827986,12487.1794871795,3.30158115645559
12488.7820512821,3.72443906072695,12488.7820512821,3.30184567905521
12676.2820512821,3.75704168982034,12676.2820512821,3.33288203583381
12677.8846153846,3.75763211216468,12677.8846153846,3.33314804218804
12866.9871794872,3.78975302781383,12866.9871794872,3.36462301596136
12868.5897435897,3.78963379357058,12868.5897435897,3.36489047678799
13060.8974358974,3.8245178303585,13060.8974358974,3.39707242516006
13062.5,3.82430258679099,13062.5,3.39734132318561
13258.0128205128,3.85942533478713,13258.0128205128,3.43023387987638
13259.6153846154,3.85931850722204,13259.6153846154,3.43050419714222
13456.7307692308,3.89669511289543,13456.7307692308,3.46383910185542
13458.3333333333,3.89484204695308,13458.3333333333,3.46411080873234
13660.2564102564,3.93154095436682,13660.2564102564,3.49843336573778
13661.858974359,3.9313731535615,13661.858974359,3.49870645443307
13865.3846153846,3.96764436680044,13865.3846153846,3.53347498484017
13866.9871794872,3.96713437712108,13866.9871794872,3.53374942526831
14073.7179487179,4.00166992569096,14073.7179487179,3.56923860380865
14075.3205128205,4.00212789154939,14075.3205128205,3.56951437644344
14286.858974359,4.03704210939194,14286.858974359,3.60600406920752
14288.4615384615,4.03442161388227,14288.4615384615,3.60628116388069
14501.6025641026,4.076490547132,14501.6025641026,3.64322109193149
14503.2051282051,4.07621048844907,14503.2051282051,3.64349947821778
14719.5512820513,4.11773210624823,14719.5512820513,3.68116786357196
14721.1538461538,4.11866792007033,14721.1538461538,3.68144752080615
14942.3076923077,4.16157230564287,14942.3076923077,3.72012754464039
14943.9102564103,4.16098824616121,14943.9102564103,3.72040846078743
15166.6666666667,4.2037032625211,15166.6666666667,3.75954164106544
15168.2692307692,4.20270866934259,15168.2692307692,3.7598237857407
15395.8333333333,4.24777809468416,15395.8333333333,3.79997509579204
15397.4358974359,4.24824669751405,15397.4358974359,3.80025845597924
15628.2051282051,4.29053340257521,15628.2051282051,3.84114871713009
15629.8076923077,4.29087393883409,15629.8076923077,3.84143327076166
15862.1794871795,4.33854314106322,15862.1794871795,3.8827783545441
15863.7820512821,4.33893558703888,15863.7820512821,3.88306407161682
16102.5641025641,4.36022656101092,16102.5641025641,3.925722581643
16104.1666666667,4.35176162546744,16104.1666666667,3.92600945561545
16344.5512820513,4.3908728846045,16344.5512820513,3.96912553040376
16346.1538461538,4.39128840148566,16346.1538461538,3.96941353119278
16591.3461538462,4.43316628853358,16591.3461538462,4.01356317229262
16592.9487179487,4.4327033008454,16592.9487179487,4.01385228476658
16839.7435897436,4.46654131714859,16839.7435897436,4.05845939886823
16841.3461538462,4.46677500107587,16841.3461538462,4.05874959350678
17094.5512820513,4.51106586273208,17094.5512820513,4.10468562291428
17096.1538461538,4.51149541363794,17096.1538461538,4.10497689088626
17350.9615384615,4.55959228589868,17350.9615384615,4.1513719709059
17352.5641025641,4.55886717766683,17352.5641025641,4.15166428290559
17613.782051282,4.60916116345387,17613.782051282,4.199395908275
17615.3846153846,4.60693047680098,17615.3846153846,4.19968925440702
17878.2051282051,4.67183387506676,17878.2051282051,4.24788092105956
17879.8076923077,4.67137364554398,17879.8076923077,4.2481752723751
18147.4358974359,4.73917037268891,18147.4358974359,4.29741497530243
18149.0384615385,4.7392766876995,18149.0384615385,4.29771031526314
18421.4743589744,4.79766875220299,18421.4743589744,4.34800119291483
18423.0769230769,4.79730552709618,18423.0769230769,4.34829750461927
18698.717948718,4.81979770269111,18698.717948718,4.39934522582116
18700.3205128205,4.8143296678025,18700.3205128205,4.39964248666702
18980.7692307692,4.83201558813493,18980.7692307692,4.45174517419315
18982.3717948718,4.83181944199395,18982.3717948718,4.45204336708422
19266.0256410256,4.87594619939082,19266.0256410256,4.50490449777939
19267.6282051282,4.86384614311273,19267.6282051282,4.50520360037069
19556.0897435897,4.87356134600842,19556.0897435897,4.55912287913342
19557.6923076923,4.87312590578417,19557.6923076923,4.55942287427116
19850.9615384615,4.90879609892037,19850.9615384615,4.61440255386087
19852.5641025641,4.90903146502009,19852.5641025641,4.6147034242356
20000,4.92854622331426,20000,4.64240336302376

"Summary: Impedance.Impedance/Thiele-Small.Impedance Magnitude",TCBar-S_#1,,
Channel,"Passed Lower Limit","Passed Upper Limit",
Unprocessed,N/A,N/A,
Fit,N/A,N/A,

